HOTEL PRATHAM RESIDENCY,"122/139, bb keri, bannimantap, mysuru, karnataka 570001, india",Hotel,12.3297811,76.6545844,570001,260,3.5
HOTEL SHRINGAR INTER CONTINENTAL,"shop no. 174, opp. ksrtc bus depot, nelson mandela road, bannimantap, mysuru, karnataka 570015, india",Lodging,12.331645,76.6485043,570015,259,3.3
HOTEL HEERA PALACE,"amaya bakery, hanumanth nagar, near bannimantap, c layout, mysuru, karnataka 570015, india",Hotel,12.3385639,76.6513725,570015,257,3.4
SPOT ON 65317 S.K.P LODGE,"2043, dhanavantri road, devaraja mohalla, shivarampet, mysuru, karnataka 570001, india",Hotel,12.3121109,76.6499143,570001,256,3.6
SHIVAGURU COMFORTS,"2905, ganapathi temple road, lasker mohalla behind suburban bus stand, halladakeri, mysuru, karnataka 570001, india",Hotel,12.3109014,76.6580247,570001,255,2.7
SHREE NANDA,"college, #199, banumaiah chowk, behind banumaiah, mysuru, karnataka 570024, india",Lodge,12.3048958,76.6509257,570024,269,NA
BHAGYALAKSHMI PALACE LODGE," lashkar mohalla, mandi mohalla, mysuru, karnataka 570001, india",Lodge,12.311638,76.6578173,570001,268,4
SPOT ON 49418 K F COMFORTS,"hudco colony, bannimantap a layout, bannimantap, mysuru, karnataka 570015, india",Hotel,12.3422297,76.6468945,570015,254,2.5
NANDA HOTEL SINCE:1982,"kshetraiah road, near banumaiah, devamba agrahara, chowk, mysuru, karnataka 570001, india",Restaurant,12.3049048,76.6509283,570001,266,4
"RAJ RESIDENCY,DELUXE,LODGE"," lashkar mohalla, mandi mohalla, mysuru, karnataka 570001, india",Hotel,12.3145649,76.6568631,570001,265,4
HOTEL HOME COMFORT ( LODGE ),"lashkar mohalla, mandi mohalla, mysuru, karnataka 570001, india",Hotel,12.3146678,76.6558683,570001,252,3.7
TREEBO TRIP GREENWOOD INN AND SUITES,"1/1, bangalore - mysore road, narashima raj mohalla, siddique nagar, bannimantap, mysuru, karnataka 570001, india",Hotel,12.346672,76.6572125,570001,263,3
SPOT ON 72749 BHAGYASHREE COMFORT,"3road main road, bamboo bazar, mysuru, karnataka 570021, india",Hotel,12.3266198,76.6430218,570021,251,3.7
ROYAL LODGE,"thyagaraja road, agrahara, rahmania mohalla, mysuru, karnataka 570004, india",Hotel,12.2966574,76.651782,570004,262,3.5
AMITH RESIDENCY,"2266/1 d-29, paduvaralli, vinayakanagara, mysuru, karnataka 570006, india",Hotel,12.3175809,76.6307382,570006,250,3.9
HOTEL NILGIRIS,"bangalore nilgiri road, lashkar mohalla doora, mysuru, karnataka 570010, india",Hotel,12.319793,76.6618721,570010,249,3.5
SRI SQUARE TRAVEL HOME,"570023, 646, adichunchanagiri road, aravinda nagar, vivekananda nagar, mysuru, karnataka 570008, india",Hotel,12.2779672,76.6294316,570008,220,4.9
OYO 16385 MB INTERNATIONAL,"3147 convent road, bangalore nilgiri road, near five light circle, mysuru, karnataka 570001, india",Hotel,12.3182654,76.6595832,570001,261,NA
THE PRESIDENCY HOTEL,"s no 3632/1,highway circle, bannimantap main road, new bannimantap extension, bannimantap, mysuru, karnataka 570015, india",Lodge,12.3313212,76.6471045,570015,219,3.6
HOTEL MYSORE GATEWAY," lashkar mohalla, mandi mohalla, mysuru, karnataka 570001, india",Hotel,12.3136179,76.6578986,570001,218,4
SEETHA,"paramahamsa road, 8/1, yadavagiri, extension, karnataka 570020, india",Homestay,12.3276084,76.6376048,570020,248,4
ADH SAK ROYAL RESIDENCY,"2225, sawday road, mandi mohalla, mysuru, karnataka 570021, india",Hotel,12.3198712,76.6523252,570021,217,3.8
THE GALLERY VIEW,"425 - 426, deshika road, opp. jaganmohan palace, subbarayanakere, chamrajpura, mysuru, karnataka 570024, india",Hotel,12.3069499,76.6512222,570024,247,3.2
OYO 9396 MAURYA RESIDENCY,"plot no. 2716, 2-3-7, sri harsha road, lashkar mohalla, mysuru, karnataka 570001, india",Hotel,12.3087869,76.6573789,570001,216,4
JAGHAMOHAN COMFORTS,"shop no.# 424, opposite jagmohan palace, devraj mohalla, derhika road, subbarayanakere, chamrajpura, mysuru, karnataka 570024, india",Hotel,12.3069234,76.6511442,570024,240,3.5
RAAMAGRAND,"#2927/7,irvin road,ksrtc suburban bus stand, mysuru, karnataka 570001, india",Hotel,12.3139971,76.6584709,570001,246,4
KAVERI HOTEL BED & BREAKFAST,"kaveri hotel, 369, cheluvamba, near shanthala theatre, agrahara, mysuru, karnataka 570024, india",Hotel,12.3037258,76.649108,570024,239,3.9
THE HILLSIDE HOTEL,"#21, d block , chamundi hill main road, jc nagar ,, 0821-2973132, mysuru, karnataka 570010, india",Extended stay hotel,12.2920327,76.6834527,570010,245,3.7
SUNLARGE,"no.1 d, srinivas krupa, viharmarga siddarthnagar, next to wax museum, mysuru, karnataka 570011, india",Homestay,12.3028547,76.6775537,570011,238,4.5
HOTEL ROYAL GAroadEN LODGE,"1st floor platform no.10 ksrtc suburb bus stand building, lashkar mohalla, mandi, mysuru, karnataka 570001, india",Lodge,12.3118119,76.6584911,570001,200,3.7
BRINDAVAN SERVICE APARTMENTS,"near keb office, bannimantap a layout, bannimantap, mysuru, karnataka 570015, india",Hotel,12.3422657,76.6518003,570015,244,4.4
PRAKASH COMFORTS,"5, sayyaji rao road, medar block, yadavagiri, mysuru, karnataka 570021, india",Hotel,12.3215969,76.6468424,570021,237,4
HOTEL GRAND COMFORT,"no.2748,near suburben bus stand.opp sangam theater, halladakeri, mysuru, karnataka 570001, india",Hotel,12.3102665,76.6575886,570001,243,3
MYSORE REPUBLIC,"next to the mysore railway station, a2b first floor, jhansi rani lakshmi bai road, jjr rircle, mysuru, karnataka 570001, india",Hotel,12.3021536,76.6431974,570001,214,3.8
HOTEL IMPERIAL DELUXE,"# 1471, opp. govt medical college, m-103, sayyaji rao road, mysuru, karnataka 570001, india",Hotel,12.3103299,76.652538,570001,235,3.9
HOTEL AYODHYA - LODGE,"2927, bangalore - ooty road, beside ksrtc bus stand, mysuru, karnataka 570001, india",Lodge,12.3141444,76.6588354,570001,198,3.4
INDUS VALLEY AYURVEDIC CENTRE,"talavane farm, lalitadripura road, chamundi hill, mysuru, karnataka 570028, india",Wellness center,12.2890385,76.6923932,570028,213,4.4
ADDHURI COMFORTS HOTEL ( BEST HOTEL STAY AT MYSORE ),"k-30 behind mysore palce and, behind city corporation, kr mohalla, mysuru, karnataka 570004, india",Hotel,12.3027749,76.6518813,570004,234,3.6
HOTEL CHANDRA PALACE,"150, kali temple st, lashkar mohalla, mandi mohalla, mysuru, karnataka 570001, india",Hotel,12.3129295,76.6538653,570001,241,3.8
TREEBO TREND SPEKTRUM SUITES - HOTEL IN MYSORE,"#116,117,118 6th main, 3road cross, jayalakshmipuram, hunsur road behind b.m.hospital and, next to easy day shopping mall, karnataka 570012, india",Hotel,12.3220146,76.6208693,570012,212,3.7
FABEXPRESS MYSORE INTERNATIONAL,"# 2225, near, mission hospital road, menna bazzar, mandi mohalla, mysuru, karnataka 570021, india",Hotel,12.3196724,76.6559021,570021,233,2
HOTEL KOMFORT SUITES MYSORE,"66/66 a, vivakananda road, near akashwani circle, yadavagiri, mysuru, karnataka 570020, india",Hotel,12.324147,76.6383125,570020,197,3.8
SAN EN SUITES,"#430, n25, shalivahana road, nazarbad, mysuru, karnataka 570010, india",Hotel,12.3112584,76.6644294,570010,211,4.7
KSR GALAXY,"no 2042, d 18, rajkamal talkies road, devaraja mohalla, shivarampet, mysuru, karnataka 570001, india",Hotel,12.3116204,76.6497701,570001,232,4.2
M.B INTERNATIONAL PALACE SIDE,"haroadinge cir, lashkar mohalla, mandi mohalla, mysuru, karnataka 570001, india",Hotel,12.3078319,76.6598425,570001,196,3.1
"JADE GAroadEN HOTEL, MYSORE","1064, 1, jayalakshmi villas road, near law court, chamarajapura, chamarajapuram mohalla, lakshmipuram, mysuru, karnataka 570005, india",Hotel,12.300776,76.6403671,570005,209,4.1
OYO 23052 VARADASHREE COMFORTS,"609/a, industrial suburb, siddalingeshwara layout 1st stage, vishweshwaranagara, mysuru, karnataka 570008, india",Hotel,12.2814744,76.6445652,570008,231,3.7
MK GREENS GAroadENIA,"378/379, opposite to nehru park, udayagiri, mysuru, karnataka 570019, india",Extended stay hotel,12.3255436,76.6734415,570019,230,4
MANASVINI HOME STAY,"905 , 28 cross, 4 main, vidyaranyapuram, mysuru, karnataka 570008, india",Homestay,12.2774509,76.6483203,570008,229,4.1
PARKLANE HOTEL,"sri harsha road, lashkar mohalla, mandi mohalla, mysuru, karnataka 570001, india",Indoor lodging,12.3086907,76.658352,570001,208,4
OYO 7875 PRAKAASH COMFORTS,"plot no. 3615, 1, sayyaji rao road, devaraja mohalla, mandi mohalla, mysuru, karnataka 570021, india",Hotel,12.321554,76.646843,570021,228,4.2
OYO 1998 HOTEL NITYOTSAVA RESIDENCY,"prerana hospital, no199, g & h, udayaravi road, kuvempu nagara, mysuru, karnataka 570023, india",Hotel,12.2866225,76.6276095,570023,226,4
MYSORE BED AND BREAKFAST,"163, moksha marga, siddhartha layout, mysuru, karnataka 570011, india",Bed & breakfast,12.3057867,76.6825849,570011,225,4.4
OM SAI GRAND,"2931/b,l beside kalyan jewellers, 20/b, bangalore nilgiri road, lashkar mohalla, mysuru, karnataka 570001, india",Hotel,12.3160112,76.6592756,570001,224,3.9
OYO 1761 HOTEL AAVASS INN PARADISE,"70, ashoka road, lashkar mohalla, mandi mohalla, mysuru, karnataka 570001, india",Hotel,12.3152984,76.6565878,570001,223,4
HOTEL ABHISHEK,"2930/a, bangalore -ooty road, lashkar mohalla, near kalyan jewellers, mysuru, karnataka 570001, india",Hotel,12.3161278,76.6587514,570001,207,2.9
SPOT ON 74311 VISHU MONI RESIDENCY,"# 2201, sham rao building road, opp to axis bank,, 4th main road, vontikoppal, mysuru, karnataka 570002, india",Hotel,12.3234578,76.6322123,570002,206,3
OYO 9137 JASMINE SUITES,"plot no. 83, 2nd b cross, 2nd main, vijayanagar 1st stage, mysuru, karnataka 570017, india",Hotel,12.3271353,76.6185007,570017,195,3.9
HOTEL S.C.V.D.S,"2716, sri harsha road, lashkar mohalla, mandi mohalla, mysuru, karnataka 570001, india",Hotel,12.3085689,76.6588851,570001,205,3.5
OYO 11694 ABS COMFORTS,"abs comforts, earangere, louroadu nagar, mandi mohalla, mysuru, karnataka 570001, india",Hotel,12.3209153,76.6577375,570001,194,3.5
IN ROYAL ORCHID NEW HOTEL,"172, nelson mandela road, bannimantap, mysuru, karnataka 570015, india",Hotel,12.3319301,76.6484656,570015,222,4.3
SRI NANDINI LODGE,"irwin road, lashkar mohalla, doora, mysuru, karnataka 570001, india",Lodge,12.3139795,76.6586132,570001,202,3.3
BHAGYALALSHMI DELUXE LODGE,"1743, sayyaji rao road, devaraja mohalla, yadavagiri, mysuru, karnataka 570001, india",Hotel,12.3119444,76.6526295,570001,201,2.9
OYO 24210 YASHAS RESIDENCY,"17&18, 5th block, 9th main, vinayakanagar, jayalakshmipuram, mysuru, karnataka 570006, india",Hotel,12.3201009,76.627805,570006,193,3.2
MYHOME HOMESTAY,"1011, 1, 4th main 6th cross road, vijayanagar 2nd stage, vidyaranyapura, mysuru, karnataka 570008, india",Homestay,12.2860442,76.6495406,570008,191,4.3
HOTEL ASHWINI LODGE,"near lashkar police station opposite to geethamandir, lashkar mohalla, mysuru, karnataka 570001, india",Indoor lodging,12.3156487,76.6572535,570001,189,3.1
VYSHAK INN MYSURU,"bus stand, 2929,19/1, bangalore nilagiri road, near suburb, mandi mohalla, mysuru, karnataka 570001, india",Hotel,12.3150785,76.6589392,570001,188,3.4
OYO HOME 80085 SRI CHAITANYA RESIDENCY,"799, 747/6a-5, near lalitha mahal palace, t narsipura road, allanahalli layout, giridarshini layout, mysuru, karnataka 570028, india",Lodge,12.2989016,76.6978164,570028,187,3.6
SPOT ON 47957 CHAMUNDI VASATHI GRUHA,"chandraguptha road, near suburb bus stand, lashkar mohalla, mandi mohalla, mysuru, karnataka 570001, india",Hotel,12.3104415,76.6580451,570001,186,3.7
OYO 77637 DV HOMESTAY,"bank of baroda (e vijaya), 18th cross road, industrial suburb, vidyaranyapura, mysuru, karnataka 570014, india",Hotel,12.2806434,76.6465328,570014,185,1
RAJ RESIDENCYRES,"1021- n38, manasara road, tank bund road, mysuru, karnataka 570010, india",Hotel,12.3042405,76.6617177,570010,183,5
HOTEL SHASTRI PARADISE,"bus stand, shop no. 2911, bangalore nilagiri road, opp. ksrtc, doora, mysuru, karnataka 570001, india",Hotel,12.3117277,76.6589965,570001,160,3.2
GOOD TOUCH SERVICED APARTMENTS,"123, 10th cross road, near water tank, gokulam 3road stage, gokulam, mysuru, karnataka 570002, india",Serviced apartment,12.3347548,76.6277111,570002,182,4.2
HOTEL KAVERI PALACE,"fivelight circle,bangalore-ooty road, near bus stand, lashkar mohalla, mysuru, karnataka 570001, india",Bed & breakfast,12.3180662,76.6596536,570001,159,3.9
OYO HOME 78673 RAJ PRIDE,"narasimharaja mohalla, hudco 2nd stage, bannimantap, mysuru, karnataka 570015, india",Hotel,12.3364942,76.6528609,570015,181,NA
OYO 81858 AVIGNA STAY MYSORE,"mysore milk dairy, 6, near new, alanahalli, mysuru, karnataka 570011, india",Hotel,12.3043741,76.700877,570011,158,3.1
HOTEL PRAKAASH PALACE,"1474, sayyaji rao road, opp. mysore medical college, devaraja mohalla, mandi mohalla, mysuru, karnataka 570021, india",Hotel,12.3162651,76.6508869,570021,178,3.8
SUVARNA COMFORTS,"no. 980, a & f block, mysuru, karnataka 570023, india",Hotel,12.2877033,76.6265451,570023,156,3.1
MAUVE ORCHID MYSORE,"plot no. 41, a1, nazarbad main road, behind viva health club, doora, mysuru, karnataka 570010, india",Hotel,12.3083031,76.6664841,570010,155,4
MANNARS DELUXE LODGE,"plot no. 2903, behind ksrtc bus stand & sangam theatre, ganapathi temple road, lasker mohalla, halladakeri,mandi mohalla, mysuru, karnataka 570001, india",Lodge,12.3109359,76.6575565,570001,177,4
HOTEL SRI DURGA BHAVAN,"no. 233, sapthagiri shopping complex, 262, 2nd main road, gokulam 2nd stage, gokulam, mysuru, karnataka 570002, india",South Indian restaurant,12.3302854,76.6294619,570002,154,4
MANNARS YATRI NIVAS LODGING,"2747, near sangam theatre, chandragupta road, lasker mohalla, halladakeri, mandi mohalla, mysuru, karnataka 570001, india",Lodging,12.310396,76.6579264,570001,176,3.9
HOTEL GAroadEN CITY,"no. 2 and 3, opposite k.s.r.t.c bus depot, nelson mandela road, bannimantap, mysuru, karnataka 570015, india",Hotel,12.3318873,76.6492081,570015,153,3.6
HOTEL VYSHAK RESIDENCY,"sapna book house, opposite to, #5, sebaiah road, devaraja mohalla, shivarampet, mysuru, karnataka 570001, india",Hotel,12.3115913,76.6492626,570001,174,3.5
OYO 73867 NEW YESHAS RESIDENCY,"00, bogadi main road, bogadi road, near speech & hearing circle, mysuru, karnataka 570007, india",Hotel,12.3063328,76.6126668,570007,152,3.8
MANNARS RESIDENCY,"1459, opposite more mega store, near railway station, narayan shastry road, mysuru, karnataka 570001, india",Lodge,12.3117083,76.6482462,570001,173,4.1
HOTEL MAITRI,"no-1 , first floor, deshika road, near jagan mohan palace, devaraja mohalla, mysuru, karnataka 570001, india",Hotel,12.3061699,76.650875,570001,151,5
SHASHWATH RESIDENCY BUDGET HOTELS,"no. 1071, kt street, 4th west cross road, mandi mohalla, mysuru, karnataka 570001, india",Hotel,12.3125871,76.6537814,570001,172,3.5
CAPITAL O 17246 ANURAG INN,"2247, sri geetha mandira road, lashkar mohalla, mandi mohalla, mysuru, karnataka 570001, india",Hotel,12.3163148,76.6581035,570001,150,4.1
HOTEL VYSHAK INTERNATIONAL,"19, seebaiah road, opposite to sapna book house, devaraja mohalla, shivarampet, mysuru, karnataka 570001, india",Hotel,12.3117421,76.6486277,570001,149,5
HOTEL ATHITHI LODGE BUILDING,"1, nelson mandela road, opposite ksrtc bus depot, bannimantap, mysuru, karnataka 570015, india",Hotel,12.3318443,76.6499006,570015,148,3.6
AJ PALACE,"kabir road, #237, ashoka road, lashkar mohalla, madnhi moalla, mysuru, karnataka 570001, india",Hotel,12.316011,76.656923,570001,170,3.5
AASHRAYA HOTEL,"dhanavantri road, adjacent to dhanvanthri complex, devaraja mohalla, yadavagiri, mysuru, karnataka 570001, india",Hotel,12.312047,76.6497085,570001,147,3.8
HOTEL SUHASHINI PALACE,"plot no-3516, m 31, 1st main, mandi mohalla, sayyaji rao road, opposite old r.m.c, tilak nagar, mysuru, karnataka 570021, india",Hotel,12.3207813,76.6473914,570021,146,4
HOTEL ADITYA,"1458, sapna book house, 1, ns road, devaraja mohalla, near, mysuru, karnataka 570004, india",Hotel,12.3117698,76.6482639,570004,168,3.8
COLLECTION O 50126 HOTEL SK ELEGANCE,"# 2722/1, sri harsha road, next to woodlands theatre, mysuru, karnataka 570001, india",Hotel,12.308621,76.658774,570001,144,3.4
KAVITHA GUEST HOUSE,"143/f, kuvempunagara north, kuvempu nagara, mysuru, karnataka 570022, india",Homestay,12.294364,76.6217896,570022,143,3
OYO 15607 GREENWOOD INN AND SUITES,"#1/1 mysore-bangalore road near govt. guesthouse, lashkar mohalla, mysuru, karnataka 570001, india",Hotel,12.3191422,76.6619529,570001,167,3.7
SANGEETHA LODGE,"narayanshastry road, devaraja mohalla, shivarampet, urs road, karnataka 570001, india",Lodge,12.3114059,76.6481694,570001,166,3.5
STAR RESIDENCY,"338/3, kali temple st, lashkar mohalla, mandi mohalla, mysuru, karnataka 570001, india",Hotel,12.3123737,76.6536777,570001,142,3.6
TREEBO TRIP GREENWOOD INN AND SUITES - HOTEL IN ERANGERE,"#1/1,mysore bangalore road(near govt.guest house, five light circle, opp. yaallah masjid, mysuru, karnataka 570001, india",Hotel,12.3194531,76.6630888,570001,141,3.4
SPOT ON 61473 MOONLIGHT RESIDENCY,"656, 4th main, 19th cross road, vidyaranyapura, mysuru, karnataka 570008, india",Hotel,12.2803053,76.64667,570008,165,3
HOTEL AIRLINES MYSURU,"law courts, 1064, no.16, hotel airlines, jayalakshmi vilas road, near mysuru, chamarajapuram, mysuru, karnataka 570005, india",Hotel,12.3007295,76.6401879,570005,163,4
ENNAR PLAZA,"sterling theater road, sterling theater road, near sterling theater, vishweshwara nagar, mysuru, karnataka 570008, india",Hotel,12.280783,76.64665,570008,162,2.6
HOTEL Q! STAR,"no 1, nelson mandela road, bannimantap a layout, bannimantap, mysuru, karnataka 570007, india",Hotel,12.3316535,76.6488068,570007,161,4.1
YASHASWI COMFORTS,"#69/1 ""yashaswi comforts"" mg road, near jss hospital, mysuru, karnataka 570004, india",Hotel,12.297239,76.657581,570004,140,3.7
OYO 80001 VP INN,"hopcoms hopcoms, gokulam 1st stage, gokulam, mysuru, karnataka 570001, india",Hotel,12.3302,76.630441,570001,139,3.3
MAHALAKSHMI COMFORTS,"111, kshetraiah road, k. r.mohalla, thogari beedi, near banumiah circle, mysuru, karnataka 570024, india",Hotel,12.3046821,76.6507564,570024,138,3.4
RACCOON ROOMS,"plot no. 7, contour road, 3road stage, gokulam 2nd stage, gokulam, mysuru, karnataka 570002, india",Bed & breakfast,12.3333315,76.6238131,570002,137,4.1
BLUE MOON RESIDENCY,"2285, 2285, ashoka road, lashkar mohalla, mandi mohalla, mysuru, karnataka 570001, india",Hotel,12.320274,76.657409,570001,135,3.5
NKF RESIDENCY DELUXE LODGE,"shop no. # 3344, near st. philomena's church, sawday road, good shepheroad convent road, earangere, louroadu nagar, mandi mohalla, mysuru, karnataka 570001, india",Hotel,12.3204046,76.6600052,570001,134,3.2
THE DAWN HOTEL,"mysore bangalore road, jayalakshmipuram, bannimantap a layout, bannimantap, mysuru, karnataka 570015, india",Hotel,12.3421809,76.654215,570015,132,3.7
HOTEL MB INTERNATIONAL,"bangalore nilgiri road, earangere, mandi mohalla, mysuru, karnataka 570001, india",Hotel,12.3182654,76.6595833,570001,131,3.3
THE GRAND VANAM,"15/b, lokaranjan mahal road, indira nagar, ittige gudu, mysuru, karnataka 570010, india",Hotel,12.3048788,76.6651498,570010,128,3.7
ROAMBAY,"582, dewan's road, near double tank, lakshmipuram, mysuru, karnataka 570004, india",Hostel,12.2996258,76.6448297,570004,127,4.8
SUVARNA RESIDENCY,"#1015, udayaravi road, kuvempu nagara, mysuru, karnataka 570023, india",Hotel,12.2868231,76.6260531,570023,126,3.5
GALAXY GRAND,"unnamed road, menna bazzar, mandi mohalla, mysuru, karnataka 570001, india",Hotel,12.3206293,76.6573583,570001,124,2.8
"HOTEL CASA MERIDIAN, MYSORE","1/3 kb arcade, hunsur road, mysuru, karnataka 570012, india",Hotel,12.3161428,76.6277881,570012,123,3.7
HOTEL ROYAL PALACE,"# 6/107, new no. 6/107/a, sayyaji rao road, beside madhus tyres, bamboo bazaar, tilak nagar, mysuru, karnataka 570021, india",Hotel,12.324202,76.645123,570021,122,3.5
THE INN,"# 15, contour road, gokulam 3road stage, gokulam, mysuru, karnataka 570002, india",Serviced apartment,12.3341737,76.6237856,570002,121,4.6
CORNER BUNKER,"#23, 3 cross, vivekanada, road, yadavagiri, mysuru, karnataka 570020, india",Hostel,12.3252362,76.6399336,570020,100,4.8
HOTEL MAURYA,"devaraja mohalla, mandi mohalla, mysuru, karnataka 570001, india",Hotel,12.3111694,76.6532004,NA,120,3.8
HOTEL BOMBAY TIFFANYS,"313, 2nd cross road, devaraja mohalla, mandi mohalla, mysuru, karnataka 570001, india",Hotel,12.3122717,76.6530891,570001,99,3.6
OYO FLAGSHIP 75525 WHITE PARROT,"30a, no : d, highway circle, 1a, sayyaji rao road, mysuru, karnataka 570015, india",Hotel,12.3292245,76.644827,570015,119,3.5
HOTEL GANESH PALACE,"l 17, chandraguptha road, chandraguptha road, near suburb bus stand, lashkar mohalla, mysuru, karnataka 570001, india",Hotel,12.3102748,76.658373,570001,98,3.5
THE OLIVE STAR,"#152,dr. nelson mandela road, new, abdul kalam azad cir, new bannimantap extension, mysuru, karnataka 570015, india",Hotel,12.3311003,76.6468544,570015,117,3.5
GITANJALI,"lalitadripura road (road diagonally opposite to brigade splendour), mysuru, karnataka, india",Homestay,12.2917424,76.6902867,NA,97,4.4
OLIVE COMFORT,"3615, sayyaji rao road, near old rmc circle, tilak nagar, mysuru, karnataka 570021, india",Hotel,12.3215298,76.6467746,570021,96,3.3
THE VICEROY HOTEL,"sri harsha road, lashkar mohalla, mandi mohalla, mysuru, karnataka 570001, india",Hotel,12.3090516,76.6563563,570001,116,3.4
HOTEL LUCIYA INTERNATIONAL,"#1771, 2nd floor, urs complex, saroadar patel road, near prabha theater, mysuru, karnataka 570001, india",Hotel,12.3113584,76.6527118,570001,115,3.5
HOTEL MYSORE PALACE,"#396, t narsipura road, opposite to nirmala hospital, allanahalli layout, alanahalli village, mysuru, karnataka 570028, india",Hotel,12.2992218,76.6975516,570028,114,3.6
TREEBO TRIP JASMINE,"plot no. 83, 2nd b cross, 2nd main road, vijayanagar 1st stage, mysuru, karnataka 570017, india",Hotel,12.3271518,76.6185006,570017,112,3.8
REGALIA INN & SUITES,"64/a, gandhi nagar road, gandhi nagar, karunapura, gayathri puram, mysuru, karnataka 570007, india",Hotel,12.3223301,76.6614284,570007,110,4
"NIRVANA YOGA SHALA, MYSORE(ASHTANGA/HATHA/KUNDALINI YOGA TEACHERS TRAINING COURSE INDIA)","100, 3road ‘a’ main road, gokulam 2nd stage, near the park, mysuru, karnataka 570002, india",Yoga studio,12.330277,76.626044,570002,108,4.8
INTERNATIONAL YOUTH HOSTEL MYSORE,"350, 5th main road, gokulam 2nd stage, gokulam, mysuru, karnataka 570002, india",Youth hostel,12.3291414,76.6257115,570002,107,4.4
ROYAL SUVARNA COMFORTS,"# 269 d1, next to hotel lok sagar, lakshmi vilas road, near jaganmohan palace, mysuru, karnataka 570004, india",Lodge,12.305928,76.6502748,570004,106,3.6
VRS DORMITARY,"keshava iyengar road, lashkar mohalla, mandi mohalla, mysuru, karnataka 570001, india",Bed & breakfast,12.3130824,76.6580006,570001,105,5
NATIONAL RESIDENCY,"bannimantap road, new bannimantap extension, yadavagiri, mysuru, karnataka 570015, india",Hotel,12.332028,76.6517367,570015,104,3.9
HOTEL KINGS KASTEL,"bus stand, no 69, ashoka road, near ksrtc, lashkar mohalla, mandi mohalla, mysuru, karnataka 570001, india",Lodge,12.314884,76.6566136,570001,103,3.6
VISMAYA COMFORTS,"shalivahana road, nazarbad, mysuru, karnataka 570010, india",Hotel,12.3104371,76.664282,570010,95,5
OSHO GLIMPSE MYSORE(MEDITATION & ACCOMMODATIONS),"349, 6th main road, 16th cross, gokulam 2nd stage, mysuru, karnataka 570002, india",Yoga studio,12.3293273,76.624888,570002,94,4.8
ADVAITHA RESIDENCY,"rajkamal theatre road, devaraja mohalla, shivarampet, mysuru, karnataka 570001, india",Hotel,12.311141,76.6495315,570001,93,5
VILLA PARK MYSURU,"#25, opp chamundi vihara stadium, hyderali road, vasantha mahal road, doora, mysuru, karnataka 570010, india",Hotel,12.3127226,76.6677939,570010,92,4.1
KSTDC HOTEL MAYURA YATRINIVAS,"railway station, 2, jhansi rani lakshmi bai road, devaraja mohalla, near, mysuru, karnataka 570005, india",Hotel,12.3118538,76.6450548,570005,91,3.9
COLLECTION O 40332 HOTEL CASA MERIDIAN,"1/3, k b arcade, hunsur road, vinayakanagara, signal, karnataka 570012, india",Hotel,12.3162743,76.6277871,570012,90,3.7
HOTEL PALACE PLAZA,"2716, sri harsha road, lashkar mohalla, mandi mohalla, mysuru, karnataka 570001, india",Hotel,12.308941,76.6567695,570001,89,3.4
HOTEL VICEROY COMFORTS,"annex rajendra kalamandhira, no.770/5 f-25, ramanuja road, mysuru, karnataka 570004, india",Hotel,12.2953884,76.653511,570004,87,3.7
"HOTEL PEARL INN, MYSORE","govt. ayurvedic hospital circle 1st cross, sayyaji rao road, behind kannan lab, mysuru, karnataka 570001, india",Hotel,12.3163154,76.6510934,570001,60,3.5
AISHWARYA LE ROYAL (BEST BUDGET HOTEL IN MYSORE),"#374/375, ashoka road, opp st. philomena's cathedral, mandi mohalla, mysuru, karnataka 570001, india",Hotel,12.3209765,76.6576565,570001,85,3.9
BANYAN TREE COMFORTS,"no-283, d17, lakshmi vilas road, next to patanjali chikatsalaya, devaraja mohalla, mysuru, karnataka 570001, india",Hotel,12.3062669,76.6494928,570001,58,4
HOTEL MAYURA HOYSALA,"jhansi rani lakshmi bai road, devaraja mohalla, shivarampet, mysuru, karnataka 570005, india",Hotel,12.3124347,76.6451593,570005,57,4
SAFARI QUEST,"40/c, behind kanti conventional hall, industrial suburb, vidyaranyapura, visveshwara nagar, karnataka 570008, india",Hotel,12.2730356,76.6435017,570008,54,4.9
"HOTEL HERITAGE INN, MYSORE","#67/a, mg road, agrahara, fort mohalla, mysuru, karnataka 570004, india",Hotel,12.2972668,76.655753,570004,53,4.4
SEPOY GRANDE HOTEL MYSORE,"62b, mg road, opp jss hospital, agrahara, fort mohalla, mysuru, karnataka 570004, india",Hotel,12.2972969,76.6563116,570004,50,4
AISHWARYA RESIDENCY (BEST BUDGET HOTEL IN MYSORE),"2932/a, off bangalore-nilgiri road, lashkar mohalla,, near ksrtc suburban busstand, behind kalyan jewels, mysuru, karnataka 570001, india",Hotel,12.315859,76.65818,570001,49,3.9
HOTEL ROYALE HERITAGE,"bangalore nilgiri road, lashkar mohalla, mandi mohalla, mysuru, karnataka 570001, india",Hotel,12.315821,76.659131,570001,84,3.7
SHREE GURU RESIDENCY,"2249 / 1, new no. 10, jhansi lakshmi bai cross road, devaraja mohalla, mysuru, karnataka 570001, india",Hotel,12.31277,76.642708,570001,48,3.9
KUMAR'S THE WHITE HOUSE,"near highway circle, mission hospital road, bannimantap, mysuru, karnataka 570015, india",Hotel,12.3293591,76.6472929,570015,83,3.8
"HOTEL PAI VISTA, MYSORE","35/a, behind bhima jewellery, bangalore nilgiri road, doora, mysuru, karnataka 570001, india",Hotel,12.310976,76.65936,570001,47,4.2
SUDHANAND FOUR SEASONS,"mahadevapura main road, udayagiri, mysuru, karnataka 570019, india",Hotel,12.324503,76.6766534,570019,81,4.8
OYO 80092 COLLECTION O PALACE INN MYSORE,"dawood khan road, lashkar mohalla, five light circle, near savitri convent school, mysuru, karnataka 570001, india",Hotel,12.3179959,76.6585333,570001,46,4.1
HOTEL THE PRESIDENT,"banglore nilgiri road, near haroadinge circle, karnataka 570001, india",Hotel,12.3089689,76.6594571,570001,45,3.9
"THE VILLAGE , MYSORE","106/1, vidyaranyapura - nanjangud road, gundurao nagar, vidyaranyapura, mysuru, karnataka 570025, india",Resort hotel,12.2822205,76.6589941,570025,43,4.2
EMERALD CLARKS INN SUITES,"no 37, link main road, industrial suburb, 3road phase, visveshwarnagar, mysuru, karnataka 570008, india",Hotel,12.2680921,76.6444077,570008,42,4.5
THE RED LOTUS PREMIUM,"#12/1a, industrial suburb, manandavadi road, opp. bharath petroleum, jp nagar, mysuru, karnataka 570008, india",Serviced accommodation,12.268996,76.6374755,570008,80,4.3
HOTEL PREETHI INTERNATIONAL,"church road, five lights cir, near bishop house, mysuru, karnataka 570001, india",Hotel,12.3174716,76.659326,570001,41,4.3
HOTEL LOK SAGAR,"jaganmohan palace circle, #268, lakshmi vilas road, subbarayanakere, chamrajpura, mysuru, karnataka 570024, india",Hotel,12.3061426,76.6504524,570024,79,4.3
HOTEL SUNSHINE,"s no, 354, ashoka road, near st. philomena church, menna bazzar, louroadu nagar, mandi mohalla, mysuru, karnataka 570001, india",Hotel,12.3222252,76.6579745,570001,77,3.8
OYO 6447 SAMASTH ROOMS AND SUITES,"plot no.176-101 kt street, gandhi square, opposite prabha takies, mysuru, karnataka 570001, india",Hotel,12.3118947,76.6535985,570001,76,4
SUNFLOWER HOTELS,"#331/a, loyal world centre, bangalore, mysore road, adjacent to st. joseph hospital, mysuru, karnataka 570015, india",Hotel,12.3420017,76.6548027,570015,74,4.2
AISHWARYA SUITES (BEST BUDGET HOTEL IN MYSORE),"3844/3, new bamboo bazaar road, highway circle near ksrtc bus depot, next to indian oil bunk, mysuru, karnataka 570015, india",Lodge,12.330811,76.645405,570015,73,3.9
THE OLIVE SHINE,"#526, 5th main road, 3road stage, gokulam 3road stage, gokulam, mysuru, karnataka 570002, india",Hotel,12.3348396,76.624232,570002,71,4.1
THE RED LOTUS,"no. 1, akkamahadevi road, next to shaneshwara temple, c-block, jp nagar, mysuru, karnataka 570008, india",Serviced accommodation,12.2676041,76.6452226,570008,70,4.1
THE GRAND INN (BEST HOTEL IN MYSORE),"2898, behind suburban bus stand, 1, keshava iyengar road, halladakeri, mysuru, karnataka 570001, india",Hotel,12.3113759,76.6578863,570001,68,4.1
UNNATHI COMFORT INN,"#1293, kuvempunagar, g&h block opp to lavakusha park, 4th cross, kuvempu nagara, mysuru, karnataka 570023, india",Serviced accommodation,12.2916562,76.6283097,570023,67,4.5
KINGS KOURT HOTEL,"1294/b, jhansi rani lakshmi bai road, devaraja mohalla, shivarampet, mysuru, karnataka 570005, india",Hotel,12.3114334,76.6450194,570005,66,3.9
OYO FLAGSHIP 082 MYSORE GOKULAM,"contour road, gokulam plot no.526, white house, 5th main road, mysuru, karnataka 570002, india",Hotel,12.3348402,76.6242516,570002,65,3.9
LE OAK INN,"158, nelson mandela road, bannimantap, mysuru, karnataka 570015, india",Hotel,12.3310807,76.6461062,570015,64,4.1
NI AMBAARI SUITES,"subbarayanakere, chamrajpura, mysuru, karnataka 570004, india",Hotel,12.3056135,76.6499219,570004,63,3.9
ZOSTEL,"2639, 1, valmiki main road, vani vilas mohalla, mysuru, karnataka 570002, india",Hostel,12.3227332,76.6346749,570002,62,4.5
REGENTA CENTRAL HERALD MYSORE BY ROYAL ORCHID HOTELS,"174, nelson mandela road, bannimantap, mysuru, karnataka 570015, india",Hotel,12.3313733,76.6479099,570015,61,4.2
HOTEL GOLDEN CASTLE,"#3615/1 m28/1 opp: old rmc, 570021, sayyaji rao road, mysuru, karnataka 570021, india",Hotel,12.3218844,76.64647,570021,40,4
THE WINDFLOWER RESORTS AND SPA,"maharanapratap road, nazarbad, mysuru, karnataka 570010, india",Resort hotel,12.2918858,76.6722352,570010,19,4.2
GINGER MYSORE,"678, vasantha mahal road, near police station, nazarbad, mysuru, karnataka 570010, india",Hotel,12.3069549,76.66705,570010,18,3.8
FORTUNE JP PALACE,"#3, abba road, earangere, nazarbad, mysuru, karnataka 570007, india",Hotel,12.3182628,76.6630518,570007,16,4.2
LALITHA MAHAL PALACE HOTEL,"lalitha mahal palace road, lalithmahal nagar, siddhartha layout, mysuru, karnataka 570028, india",Hotel,12.2983099,76.6923869,570028,14,4.3
LAIKA HERITAGE STAY,"942, second main road, nr mohalla, lakshmipuram, mysuru, karnataka 570004, india",Hotel,12.2967695,76.6458999,570004,13,4.3
TREEBO TREND AKSHAYA MAHAL INN - HOTEL IN MYSORE,"no.5/a, hydarali road, abba road, mohalla, nazarbad, mysuru, karnataka 570007, india",Hotel,12.317702,76.664365,570007,12,4.2
HOTEL ROOPA,"hotel roopa #2724/c, bangalore nilgiri road, mysuru, karnataka 570001, india",Hotel,12.30831,76.659583,570001,11,3.7
HOTEL RIO MERIDIAN,"#2203, 54, sayyaji rao road, bamboo bazar, tilak nagar, mysuru, karnataka 570015, india",Hotel,12.3289022,76.6445608,570015,10,4.1
HOTEL MAURYA PALACE AND HOTEL MAURYA RESIDENCY,"no. 2716, 2, 3-7, sri harsha road, lashkar mohalla, mandi mohalla, mysuru, karnataka 570001, india",Hotel,12.3087682,76.6573714,570001,8,4
ROOPA ELITE,"no. d-29, 6th main road, v.v mohalla,, mysuru, karnataka 570002, india",Hotel,12.324049,76.629642,570002,6,4.3
HOTEL SOUTHERN STAR,"13-14, vinoba road, devaraja mohalla, cftri campus, kajjihundi, mysuru, karnataka 570005, india",Hotel,12.3116421,76.6432697,570005,5,4.2
ROYAL ORCHID METROPOLE MYSORE,"no. 5, jhansi rani lakshmi bai road, devaraja mohalla, cftri campus, lakshmipuram, mysuru, karnataka 570005, india",Hotel,12.3115884,76.644414,570005,4,4.3
HOTEL SANDESH THE PRINCE,"no 3 nethra nivas, nazarbad main road, mysuru, karnataka 570010, india",Hotel,12.3092408,76.6623608,570010,3,4
RADISSON BLU PLAZA HOTEL MYSORE,"1, ramanuja road, indiranagar extension, jc nagar, mysuru, karnataka 570010, india",Hotel,12.2980275,76.6653657,570010,2,4.5
GRAND MERCURE MYSORE,"2203 60 new sayyaji rao road, nelson mandela road, mysuru, karnataka 570021, india",Hotel,12.3303862,76.6452194,570021,1,4.5
